ID,Name,Nexus_File,rooted,type,method,scaling,Source
summary,,summary.trees,true,summary,bayesian,millennia,gray2009
posterior-1,,posterior.trees,true,sample,bayesian,millennia,gray2009
posterior-2,,posterior.trees,true,sample,bayesian,millennia,gray2009
posterior-3,,posterior.trees,true,sample,bayesian,millennia,gray2009
posterior-4,,posterior.trees,true,sample,bayesian,millennia,gray2009
posterior-5,,posterior.trees,true,sample,bayesian,millennia,gray2009
posterior-6,,posterior.trees,true,sample,bayesian,millennia,gray2009
posterior-7,,posterior.trees,true,sample,bayesian,millennia,gray2009
posterior-8,,posterior.trees,true,sample,bayesian,millennia,gray2009
posterior-9,,posterior.trees,true,sample,bayesian,millennia,gray2009
posterior-10,,posterior.trees,true,sample,bayesian,millennia,gray2009
posterior-11,,posterior.trees,true,sample,bayesian,millennia,gray2009
posterior-12,,posterior.trees,true,sample,bayesian,millennia,gray2009
posterior-13,,posterior.trees,true,sample,bayesian,millennia,gray2009
posterior-14,,posterior.trees,true,sample,bayesian,millennia,gray2009
posterior-15,,posterior.trees,true,sample,bayesian,millennia,gray2009
posterior-16,,posterior.trees,true,sample,bayesian,millennia,gray2009
posterior-17,,posterior.trees,true,sample,bayesian,millennia,gray2009
posterior-18,,posterior.trees,true,sample,bayesian,millennia,gray2009
posterior-19,,posterior.trees,true,sample,bayesian,millennia,gray2009
posterior-20,,posterior.trees,true,sample,bayesian,millennia,gray2009
posterior-21,,posterior.trees,true,sample,bayesian,millennia,gray2009
posterior-22,,posterior.trees,true,sample,bayesian,millennia,gray2009
posterior-23,,posterior.trees,true,sample,bayesian,millennia,gray2009
posterior-24,,posterior.trees,true,sample,bayesian,millennia,gray2009
posterior-25,,posterior.trees,true,sample,bayesian,millennia,gray2009
posterior-26,,posterior.trees,true,sample,bayesian,millennia,gray2009
posterior-27,,posterior.trees,true,sample,bayesian,millennia,gray2009
posterior-28,,posterior.trees,true,sample,bayesian,millennia,gray2009
posterior-29,,posterior.trees,true,sample,bayesian,millennia,gray2009
posterior-30,,posterior.trees,true,sample,bayesian,millennia,gray2009
posterior-31,,posterior.trees,true,sample,bayesian,millennia,gray2009
posterior-32,,posterior.trees,true,sample,bayesian,millennia,gray2009
posterior-33,,posterior.trees,true,sample,bayesian,millennia,gray2009
posterior-34,,posterior.trees,true,sample,bayesian,millennia,gray2009
posterior-35,,posterior.trees,true,sample,bayesian,millennia,gray2009
posterior-36,,posterior.trees,true,sample,bayesian,millennia,gray2009
posterior-37,,posterior.trees,true,sample,bayesian,millennia,gray2009
posterior-38,,posterior.trees,true,sample,bayesian,millennia,gray2009
posterior-39,,posterior.trees,true,sample,bayesian,millennia,gray2009
posterior-40,,posterior.trees,true,sample,bayesian,millennia,gray2009
posterior-41,,posterior.trees,true,sample,bayesian,millennia,gray2009
posterior-42,,posterior.trees,true,sample,bayesian,millennia,gray2009
posterior-43,,posterior.trees,true,sample,bayesian,millennia,gray2009
posterior-44,,posterior.trees,true,sample,bayesian,millennia,gray2009
posterior-45,,posterior.trees,true,sample,bayesian,millennia,gray2009
posterior-46,,posterior.trees,true,sample,bayesian,millennia,gray2009
posterior-47,,posterior.trees,true,sample,bayesian,millennia,gray2009
posterior-48,,posterior.trees,true,sample,bayesian,millennia,gray2009
posterior-49,,posterior.trees,true,sample,bayesian,millennia,gray2009
posterior-50,,posterior.trees,true,sample,bayesian,millennia,gray2009
posterior-51,,posterior.trees,true,sample,bayesian,millennia,gray2009
posterior-52,,posterior.trees,true,sample,bayesian,millennia,gray2009
posterior-53,,posterior.trees,true,sample,bayesian,millennia,gray2009
posterior-54,,posterior.trees,true,sample,bayesian,millennia,gray2009
posterior-55,,posterior.trees,true,sample,bayesian,millennia,gray2009
posterior-56,,posterior.trees,true,sample,bayesian,millennia,gray2009
posterior-57,,posterior.trees,true,sample,bayesian,millennia,gray2009
posterior-58,,posterior.trees,true,sample,bayesian,millennia,gray2009
posterior-59,,posterior.trees,true,sample,bayesian,millennia,gray2009
posterior-60,,posterior.trees,true,sample,bayesian,millennia,gray2009
posterior-61,,posterior.trees,true,sample,bayesian,millennia,gray2009
posterior-62,,posterior.trees,true,sample,bayesian,millennia,gray2009
posterior-63,,posterior.trees,true,sample,bayesian,millennia,gray2009
posterior-64,,posterior.trees,true,sample,bayesian,millennia,gray2009
posterior-65,,posterior.trees,true,sample,bayesian,millennia,gray2009
posterior-66,,posterior.trees,true,sample,bayesian,millennia,gray2009
posterior-67,,posterior.trees,true,sample,bayesian,millennia,gray2009
posterior-68,,posterior.trees,true,sample,bayesian,millennia,gray2009
posterior-69,,posterior.trees,true,sample,bayesian,millennia,gray2009
posterior-70,,posterior.trees,true,sample,bayesian,millennia,gray2009
posterior-71,,posterior.trees,true,sample,bayesian,millennia,gray2009
posterior-72,,posterior.trees,true,sample,bayesian,millennia,gray2009
posterior-73,,posterior.trees,true,sample,bayesian,millennia,gray2009
posterior-74,,posterior.trees,true,sample,bayesian,millennia,gray2009
posterior-75,,posterior.trees,true,sample,bayesian,millennia,gray2009
posterior-76,,posterior.trees,true,sample,bayesian,millennia,gray2009
posterior-77,,posterior.trees,true,sample,bayesian,millennia,gray2009
posterior-78,,posterior.trees,true,sample,bayesian,millennia,gray2009
posterior-79,,posterior.trees,true,sample,bayesian,millennia,gray2009
posterior-80,,posterior.trees,true,sample,bayesian,millennia,gray2009
posterior-81,,posterior.trees,true,sample,bayesian,millennia,gray2009
posterior-82,,posterior.trees,true,sample,bayesian,millennia,gray2009
posterior-83,,posterior.trees,true,sample,bayesian,millennia,gray2009
posterior-84,,posterior.trees,true,sample,bayesian,millennia,gray2009
posterior-85,,posterior.trees,true,sample,bayesian,millennia,gray2009
posterior-86,,posterior.trees,true,sample,bayesian,millennia,gray2009
posterior-87,,posterior.trees,true,sample,bayesian,millennia,gray2009
posterior-88,,posterior.trees,true,sample,bayesian,millennia,gray2009
posterior-89,,posterior.trees,true,sample,bayesian,millennia,gray2009
posterior-90,,posterior.trees,true,sample,bayesian,millennia,gray2009
posterior-91,,posterior.trees,true,sample,bayesian,millennia,gray2009
posterior-92,,posterior.trees,true,sample,bayesian,millennia,gray2009
posterior-93,,posterior.trees,true,sample,bayesian,millennia,gray2009
posterior-94,,posterior.trees,true,sample,bayesian,millennia,gray2009
posterior-95,,posterior.trees,true,sample,bayesian,millennia,gray2009
posterior-96,,posterior.trees,true,sample,bayesian,millennia,gray2009
posterior-97,,posterior.trees,true,sample,bayesian,millennia,gray2009
posterior-98,,posterior.trees,true,sample,bayesian,millennia,gray2009
posterior-99,,posterior.trees,true,sample,bayesian,millennia,gray2009
posterior-100,,posterior.trees,true,sample,bayesian,millennia,gray2009
posterior-101,,posterior.trees,true,sample,bayesian,millennia,gray2009
posterior-102,,posterior.trees,true,sample,bayesian,millennia,gray2009
posterior-103,,posterior.trees,true,sample,bayesian,millennia,gray2009
posterior-104,,posterior.trees,true,sample,bayesian,millennia,gray2009
posterior-105,,posterior.trees,true,sample,bayesian,millennia,gray2009
posterior-106,,posterior.trees,true,sample,bayesian,millennia,gray2009
posterior-107,,posterior.trees,true,sample,bayesian,millennia,gray2009
posterior-108,,posterior.trees,true,sample,bayesian,millennia,gray2009
posterior-109,,posterior.trees,true,sample,bayesian,millennia,gray2009
posterior-110,,posterior.trees,true,sample,bayesian,millennia,gray2009
posterior-111,,posterior.trees,true,sample,bayesian,millennia,gray2009
posterior-112,,posterior.trees,true,sample,bayesian,millennia,gray2009
posterior-113,,posterior.trees,true,sample,bayesian,millennia,gray2009
posterior-114,,posterior.trees,true,sample,bayesian,millennia,gray2009
posterior-115,,posterior.trees,true,sample,bayesian,millennia,gray2009
posterior-116,,posterior.trees,true,sample,bayesian,millennia,gray2009
posterior-117,,posterior.trees,true,sample,bayesian,millennia,gray2009
posterior-118,,posterior.trees,true,sample,bayesian,millennia,gray2009
posterior-119,,posterior.trees,true,sample,bayesian,millennia,gray2009
posterior-120,,posterior.trees,true,sample,bayesian,millennia,gray2009
posterior-121,,posterior.trees,true,sample,bayesian,millennia,gray2009
posterior-122,,posterior.trees,true,sample,bayesian,millennia,gray2009
posterior-123,,posterior.trees,true,sample,bayesian,millennia,gray2009
posterior-124,,posterior.trees,true,sample,bayesian,millennia,gray2009
posterior-125,,posterior.trees,true,sample,bayesian,millennia,gray2009
posterior-126,,posterior.trees,true,sample,bayesian,millennia,gray2009
posterior-127,,posterior.trees,true,sample,bayesian,millennia,gray2009
posterior-128,,posterior.trees,true,sample,bayesian,millennia,gray2009
posterior-129,,posterior.trees,true,sample,bayesian,millennia,gray2009
posterior-130,,posterior.trees,true,sample,bayesian,millennia,gray2009
posterior-131,,posterior.trees,true,sample,bayesian,millennia,gray2009
posterior-132,,posterior.trees,true,sample,bayesian,millennia,gray2009
posterior-133,,posterior.trees,true,sample,bayesian,millennia,gray2009
posterior-134,,posterior.trees,true,sample,bayesian,millennia,gray2009
posterior-135,,posterior.trees,true,sample,bayesian,millennia,gray2009
posterior-136,,posterior.trees,true,sample,bayesian,millennia,gray2009
posterior-137,,posterior.trees,true,sample,bayesian,millennia,gray2009
posterior-138,,posterior.trees,true,sample,bayesian,millennia,gray2009
posterior-139,,posterior.trees,true,sample,bayesian,millennia,gray2009
posterior-140,,posterior.trees,true,sample,bayesian,millennia,gray2009
posterior-141,,posterior.trees,true,sample,bayesian,millennia,gray2009
posterior-142,,posterior.trees,true,sample,bayesian,millennia,gray2009
posterior-143,,posterior.trees,true,sample,bayesian,millennia,gray2009
posterior-144,,posterior.trees,true,sample,bayesian,millennia,gray2009
posterior-145,,posterior.trees,true,sample,bayesian,millennia,gray2009
posterior-146,,posterior.trees,true,sample,bayesian,millennia,gray2009
posterior-147,,posterior.trees,true,sample,bayesian,millennia,gray2009
posterior-148,,posterior.trees,true,sample,bayesian,millennia,gray2009
posterior-149,,posterior.trees,true,sample,bayesian,millennia,gray2009
posterior-150,,posterior.trees,true,sample,bayesian,millennia,gray2009
posterior-151,,posterior.trees,true,sample,bayesian,millennia,gray2009
posterior-152,,posterior.trees,true,sample,bayesian,millennia,gray2009
posterior-153,,posterior.trees,true,sample,bayesian,millennia,gray2009
posterior-154,,posterior.trees,true,sample,bayesian,millennia,gray2009
posterior-155,,posterior.trees,true,sample,bayesian,millennia,gray2009
posterior-156,,posterior.trees,true,sample,bayesian,millennia,gray2009
posterior-157,,posterior.trees,true,sample,bayesian,millennia,gray2009
posterior-158,,posterior.trees,true,sample,bayesian,millennia,gray2009
posterior-159,,posterior.trees,true,sample,bayesian,millennia,gray2009
posterior-160,,posterior.trees,true,sample,bayesian,millennia,gray2009
posterior-161,,posterior.trees,true,sample,bayesian,millennia,gray2009
posterior-162,,posterior.trees,true,sample,bayesian,millennia,gray2009
posterior-163,,posterior.trees,true,sample,bayesian,millennia,gray2009
posterior-164,,posterior.trees,true,sample,bayesian,millennia,gray2009
posterior-165,,posterior.trees,true,sample,bayesian,millennia,gray2009
posterior-166,,posterior.trees,true,sample,bayesian,millennia,gray2009
posterior-167,,posterior.trees,true,sample,bayesian,millennia,gray2009
posterior-168,,posterior.trees,true,sample,bayesian,millennia,gray2009
posterior-169,,posterior.trees,true,sample,bayesian,millennia,gray2009
posterior-170,,posterior.trees,true,sample,bayesian,millennia,gray2009
posterior-171,,posterior.trees,true,sample,bayesian,millennia,gray2009
posterior-172,,posterior.trees,true,sample,bayesian,millennia,gray2009
posterior-173,,posterior.trees,true,sample,bayesian,millennia,gray2009
posterior-174,,posterior.trees,true,sample,bayesian,millennia,gray2009
posterior-175,,posterior.trees,true,sample,bayesian,millennia,gray2009
posterior-176,,posterior.trees,true,sample,bayesian,millennia,gray2009
posterior-177,,posterior.trees,true,sample,bayesian,millennia,gray2009
posterior-178,,posterior.trees,true,sample,bayesian,millennia,gray2009
posterior-179,,posterior.trees,true,sample,bayesian,millennia,gray2009
posterior-180,,posterior.trees,true,sample,bayesian,millennia,gray2009
posterior-181,,posterior.trees,true,sample,bayesian,millennia,gray2009
posterior-182,,posterior.trees,true,sample,bayesian,millennia,gray2009
posterior-183,,posterior.trees,true,sample,bayesian,millennia,gray2009
posterior-184,,posterior.trees,true,sample,bayesian,millennia,gray2009
posterior-185,,posterior.trees,true,sample,bayesian,millennia,gray2009
posterior-186,,posterior.trees,true,sample,bayesian,millennia,gray2009
posterior-187,,posterior.trees,true,sample,bayesian,millennia,gray2009
posterior-188,,posterior.trees,true,sample,bayesian,millennia,gray2009
posterior-189,,posterior.trees,true,sample,bayesian,millennia,gray2009
posterior-190,,posterior.trees,true,sample,bayesian,millennia,gray2009
posterior-191,,posterior.trees,true,sample,bayesian,millennia,gray2009
posterior-192,,posterior.trees,true,sample,bayesian,millennia,gray2009
posterior-193,,posterior.trees,true,sample,bayesian,millennia,gray2009
posterior-194,,posterior.trees,true,sample,bayesian,millennia,gray2009
posterior-195,,posterior.trees,true,sample,bayesian,millennia,gray2009
posterior-196,,posterior.trees,true,sample,bayesian,millennia,gray2009
posterior-197,,posterior.trees,true,sample,bayesian,millennia,gray2009
posterior-198,,posterior.trees,true,sample,bayesian,millennia,gray2009
posterior-199,,posterior.trees,true,sample,bayesian,millennia,gray2009
posterior-200,,posterior.trees,true,sample,bayesian,millennia,gray2009
posterior-201,,posterior.trees,true,sample,bayesian,millennia,gray2009
posterior-202,,posterior.trees,true,sample,bayesian,millennia,gray2009
posterior-203,,posterior.trees,true,sample,bayesian,millennia,gray2009
posterior-204,,posterior.trees,true,sample,bayesian,millennia,gray2009
posterior-205,,posterior.trees,true,sample,bayesian,millennia,gray2009
posterior-206,,posterior.trees,true,sample,bayesian,millennia,gray2009
posterior-207,,posterior.trees,true,sample,bayesian,millennia,gray2009
posterior-208,,posterior.trees,true,sample,bayesian,millennia,gray2009
posterior-209,,posterior.trees,true,sample,bayesian,millennia,gray2009
posterior-210,,posterior.trees,true,sample,bayesian,millennia,gray2009
posterior-211,,posterior.trees,true,sample,bayesian,millennia,gray2009
posterior-212,,posterior.trees,true,sample,bayesian,millennia,gray2009
posterior-213,,posterior.trees,true,sample,bayesian,millennia,gray2009
posterior-214,,posterior.trees,true,sample,bayesian,millennia,gray2009
posterior-215,,posterior.trees,true,sample,bayesian,millennia,gray2009
posterior-216,,posterior.trees,true,sample,bayesian,millennia,gray2009
posterior-217,,posterior.trees,true,sample,bayesian,millennia,gray2009
posterior-218,,posterior.trees,true,sample,bayesian,millennia,gray2009
posterior-219,,posterior.trees,true,sample,bayesian,millennia,gray2009
posterior-220,,posterior.trees,true,sample,bayesian,millennia,gray2009
posterior-221,,posterior.trees,true,sample,bayesian,millennia,gray2009
posterior-222,,posterior.trees,true,sample,bayesian,millennia,gray2009
posterior-223,,posterior.trees,true,sample,bayesian,millennia,gray2009
posterior-224,,posterior.trees,true,sample,bayesian,millennia,gray2009
posterior-225,,posterior.trees,true,sample,bayesian,millennia,gray2009
posterior-226,,posterior.trees,true,sample,bayesian,millennia,gray2009
posterior-227,,posterior.trees,true,sample,bayesian,millennia,gray2009
posterior-228,,posterior.trees,true,sample,bayesian,millennia,gray2009
posterior-229,,posterior.trees,true,sample,bayesian,millennia,gray2009
posterior-230,,posterior.trees,true,sample,bayesian,millennia,gray2009
posterior-231,,posterior.trees,true,sample,bayesian,millennia,gray2009
posterior-232,,posterior.trees,true,sample,bayesian,millennia,gray2009
posterior-233,,posterior.trees,true,sample,bayesian,millennia,gray2009
posterior-234,,posterior.trees,true,sample,bayesian,millennia,gray2009
posterior-235,,posterior.trees,true,sample,bayesian,millennia,gray2009
posterior-236,,posterior.trees,true,sample,bayesian,millennia,gray2009
posterior-237,,posterior.trees,true,sample,bayesian,millennia,gray2009
posterior-238,,posterior.trees,true,sample,bayesian,millennia,gray2009
posterior-239,,posterior.trees,true,sample,bayesian,millennia,gray2009
posterior-240,,posterior.trees,true,sample,bayesian,millennia,gray2009
posterior-241,,posterior.trees,true,sample,bayesian,millennia,gray2009
posterior-242,,posterior.trees,true,sample,bayesian,millennia,gray2009
posterior-243,,posterior.trees,true,sample,bayesian,millennia,gray2009
posterior-244,,posterior.trees,true,sample,bayesian,millennia,gray2009
posterior-245,,posterior.trees,true,sample,bayesian,millennia,gray2009
posterior-246,,posterior.trees,true,sample,bayesian,millennia,gray2009
posterior-247,,posterior.trees,true,sample,bayesian,millennia,gray2009
posterior-248,,posterior.trees,true,sample,bayesian,millennia,gray2009
posterior-249,,posterior.trees,true,sample,bayesian,millennia,gray2009
posterior-250,,posterior.trees,true,sample,bayesian,millennia,gray2009
posterior-251,,posterior.trees,true,sample,bayesian,millennia,gray2009
posterior-252,,posterior.trees,true,sample,bayesian,millennia,gray2009
posterior-253,,posterior.trees,true,sample,bayesian,millennia,gray2009
posterior-254,,posterior.trees,true,sample,bayesian,millennia,gray2009
posterior-255,,posterior.trees,true,sample,bayesian,millennia,gray2009
posterior-256,,posterior.trees,false,sample,bayesian,millennia,gray2009
posterior-257,,posterior.trees,true,sample,bayesian,millennia,gray2009
posterior-258,,posterior.trees,true,sample,bayesian,millennia,gray2009
posterior-259,,posterior.trees,true,sample,bayesian,millennia,gray2009
posterior-260,,posterior.trees,true,sample,bayesian,millennia,gray2009
posterior-261,,posterior.trees,true,sample,bayesian,millennia,gray2009
posterior-262,,posterior.trees,true,sample,bayesian,millennia,gray2009
posterior-263,,posterior.trees,true,sample,bayesian,millennia,gray2009
posterior-264,,posterior.trees,true,sample,bayesian,millennia,gray2009
posterior-265,,posterior.trees,true,sample,bayesian,millennia,gray2009
posterior-266,,posterior.trees,true,sample,bayesian,millennia,gray2009
posterior-267,,posterior.trees,true,sample,bayesian,millennia,gray2009
posterior-268,,posterior.trees,true,sample,bayesian,millennia,gray2009
posterior-269,,posterior.trees,true,sample,bayesian,millennia,gray2009
posterior-270,,posterior.trees,true,sample,bayesian,millennia,gray2009
posterior-271,,posterior.trees,true,sample,bayesian,millennia,gray2009
posterior-272,,posterior.trees,true,sample,bayesian,millennia,gray2009
posterior-273,,posterior.trees,true,sample,bayesian,millennia,gray2009
posterior-274,,posterior.trees,true,sample,bayesian,millennia,gray2009
posterior-275,,posterior.trees,true,sample,bayesian,millennia,gray2009
posterior-276,,posterior.trees,true,sample,bayesian,millennia,gray2009
posterior-277,,posterior.trees,true,sample,bayesian,millennia,gray2009
posterior-278,,posterior.trees,true,sample,bayesian,millennia,gray2009
posterior-279,,posterior.trees,true,sample,bayesian,millennia,gray2009
posterior-280,,posterior.trees,true,sample,bayesian,millennia,gray2009
posterior-281,,posterior.trees,true,sample,bayesian,millennia,gray2009
posterior-282,,posterior.trees,true,sample,bayesian,millennia,gray2009
posterior-283,,posterior.trees,true,sample,bayesian,millennia,gray2009
posterior-284,,posterior.trees,true,sample,bayesian,millennia,gray2009
posterior-285,,posterior.trees,true,sample,bayesian,millennia,gray2009
posterior-286,,posterior.trees,true,sample,bayesian,millennia,gray2009
posterior-287,,posterior.trees,true,sample,bayesian,millennia,gray2009
posterior-288,,posterior.trees,true,sample,bayesian,millennia,gray2009
posterior-289,,posterior.trees,true,sample,bayesian,millennia,gray2009
posterior-290,,posterior.trees,true,sample,bayesian,millennia,gray2009
posterior-291,,posterior.trees,true,sample,bayesian,millennia,gray2009
posterior-292,,posterior.trees,true,sample,bayesian,millennia,gray2009
posterior-293,,posterior.trees,true,sample,bayesian,millennia,gray2009
posterior-294,,posterior.trees,true,sample,bayesian,millennia,gray2009
posterior-295,,posterior.trees,true,sample,bayesian,millennia,gray2009
posterior-296,,posterior.trees,true,sample,bayesian,millennia,gray2009
posterior-297,,posterior.trees,true,sample,bayesian,millennia,gray2009
posterior-298,,posterior.trees,true,sample,bayesian,millennia,gray2009
posterior-299,,posterior.trees,true,sample,bayesian,millennia,gray2009
posterior-300,,posterior.trees,true,sample,bayesian,millennia,gray2009
posterior-301,,posterior.trees,true,sample,bayesian,millennia,gray2009
posterior-302,,posterior.trees,true,sample,bayesian,millennia,gray2009
posterior-303,,posterior.trees,true,sample,bayesian,millennia,gray2009
posterior-304,,posterior.trees,true,sample,bayesian,millennia,gray2009
posterior-305,,posterior.trees,true,sample,bayesian,millennia,gray2009
posterior-306,,posterior.trees,true,sample,bayesian,millennia,gray2009
posterior-307,,posterior.trees,true,sample,bayesian,millennia,gray2009
posterior-308,,posterior.trees,true,sample,bayesian,millennia,gray2009
posterior-309,,posterior.trees,true,sample,bayesian,millennia,gray2009
posterior-310,,posterior.trees,true,sample,bayesian,millennia,gray2009
posterior-311,,posterior.trees,true,sample,bayesian,millennia,gray2009
posterior-312,,posterior.trees,true,sample,bayesian,millennia,gray2009
posterior-313,,posterior.trees,true,sample,bayesian,millennia,gray2009
posterior-314,,posterior.trees,true,sample,bayesian,millennia,gray2009
posterior-315,,posterior.trees,true,sample,bayesian,millennia,gray2009
posterior-316,,posterior.trees,true,sample,bayesian,millennia,gray2009
posterior-317,,posterior.trees,true,sample,bayesian,millennia,gray2009
posterior-318,,posterior.trees,true,sample,bayesian,millennia,gray2009
posterior-319,,posterior.trees,true,sample,bayesian,millennia,gray2009
posterior-320,,posterior.trees,true,sample,bayesian,millennia,gray2009
posterior-321,,posterior.trees,true,sample,bayesian,millennia,gray2009
posterior-322,,posterior.trees,true,sample,bayesian,millennia,gray2009
posterior-323,,posterior.trees,true,sample,bayesian,millennia,gray2009
posterior-324,,posterior.trees,true,sample,bayesian,millennia,gray2009
posterior-325,,posterior.trees,true,sample,bayesian,millennia,gray2009
posterior-326,,posterior.trees,true,sample,bayesian,millennia,gray2009
posterior-327,,posterior.trees,true,sample,bayesian,millennia,gray2009
posterior-328,,posterior.trees,true,sample,bayesian,millennia,gray2009
posterior-329,,posterior.trees,true,sample,bayesian,millennia,gray2009
posterior-330,,posterior.trees,true,sample,bayesian,millennia,gray2009
posterior-331,,posterior.trees,true,sample,bayesian,millennia,gray2009
posterior-332,,posterior.trees,true,sample,bayesian,millennia,gray2009
posterior-333,,posterior.trees,true,sample,bayesian,millennia,gray2009
posterior-334,,posterior.trees,true,sample,bayesian,millennia,gray2009
posterior-335,,posterior.trees,true,sample,bayesian,millennia,gray2009
posterior-336,,posterior.trees,true,sample,bayesian,millennia,gray2009
posterior-337,,posterior.trees,true,sample,bayesian,millennia,gray2009
posterior-338,,posterior.trees,true,sample,bayesian,millennia,gray2009
posterior-339,,posterior.trees,true,sample,bayesian,millennia,gray2009
posterior-340,,posterior.trees,true,sample,bayesian,millennia,gray2009
posterior-341,,posterior.trees,true,sample,bayesian,millennia,gray2009
posterior-342,,posterior.trees,true,sample,bayesian,millennia,gray2009
posterior-343,,posterior.trees,true,sample,bayesian,millennia,gray2009
posterior-344,,posterior.trees,true,sample,bayesian,millennia,gray2009
posterior-345,,posterior.trees,true,sample,bayesian,millennia,gray2009
posterior-346,,posterior.trees,true,sample,bayesian,millennia,gray2009
posterior-347,,posterior.trees,true,sample,bayesian,millennia,gray2009
posterior-348,,posterior.trees,true,sample,bayesian,millennia,gray2009
posterior-349,,posterior.trees,true,sample,bayesian,millennia,gray2009
posterior-350,,posterior.trees,true,sample,bayesian,millennia,gray2009
posterior-351,,posterior.trees,true,sample,bayesian,millennia,gray2009
posterior-352,,posterior.trees,true,sample,bayesian,millennia,gray2009
posterior-353,,posterior.trees,true,sample,bayesian,millennia,gray2009
posterior-354,,posterior.trees,true,sample,bayesian,millennia,gray2009
posterior-355,,posterior.trees,true,sample,bayesian,millennia,gray2009
posterior-356,,posterior.trees,true,sample,bayesian,millennia,gray2009
posterior-357,,posterior.trees,true,sample,bayesian,millennia,gray2009
posterior-358,,posterior.trees,true,sample,bayesian,millennia,gray2009
posterior-359,,posterior.trees,true,sample,bayesian,millennia,gray2009
posterior-360,,posterior.trees,true,sample,bayesian,millennia,gray2009
posterior-361,,posterior.trees,true,sample,bayesian,millennia,gray2009
posterior-362,,posterior.trees,true,sample,bayesian,millennia,gray2009
posterior-363,,posterior.trees,true,sample,bayesian,millennia,gray2009
posterior-364,,posterior.trees,true,sample,bayesian,millennia,gray2009
posterior-365,,posterior.trees,true,sample,bayesian,millennia,gray2009
posterior-366,,posterior.trees,true,sample,bayesian,millennia,gray2009
posterior-367,,posterior.trees,true,sample,bayesian,millennia,gray2009
posterior-368,,posterior.trees,true,sample,bayesian,millennia,gray2009
posterior-369,,posterior.trees,true,sample,bayesian,millennia,gray2009
posterior-370,,posterior.trees,true,sample,bayesian,millennia,gray2009
posterior-371,,posterior.trees,true,sample,bayesian,millennia,gray2009
posterior-372,,posterior.trees,true,sample,bayesian,millennia,gray2009
posterior-373,,posterior.trees,true,sample,bayesian,millennia,gray2009
posterior-374,,posterior.trees,true,sample,bayesian,millennia,gray2009
posterior-375,,posterior.trees,true,sample,bayesian,millennia,gray2009
posterior-376,,posterior.trees,true,sample,bayesian,millennia,gray2009
posterior-377,,posterior.trees,true,sample,bayesian,millennia,gray2009
posterior-378,,posterior.trees,true,sample,bayesian,millennia,gray2009
posterior-379,,posterior.trees,true,sample,bayesian,millennia,gray2009
posterior-380,,posterior.trees,true,sample,bayesian,millennia,gray2009
posterior-381,,posterior.trees,true,sample,bayesian,millennia,gray2009
posterior-382,,posterior.trees,true,sample,bayesian,millennia,gray2009
posterior-383,,posterior.trees,true,sample,bayesian,millennia,gray2009
posterior-384,,posterior.trees,true,sample,bayesian,millennia,gray2009
posterior-385,,posterior.trees,true,sample,bayesian,millennia,gray2009
posterior-386,,posterior.trees,true,sample,bayesian,millennia,gray2009
posterior-387,,posterior.trees,true,sample,bayesian,millennia,gray2009
posterior-388,,posterior.trees,true,sample,bayesian,millennia,gray2009
posterior-389,,posterior.trees,true,sample,bayesian,millennia,gray2009
posterior-390,,posterior.trees,true,sample,bayesian,millennia,gray2009
posterior-391,,posterior.trees,true,sample,bayesian,millennia,gray2009
posterior-392,,posterior.trees,true,sample,bayesian,millennia,gray2009
posterior-393,,posterior.trees,true,sample,bayesian,millennia,gray2009
posterior-394,,posterior.trees,true,sample,bayesian,millennia,gray2009
posterior-395,,posterior.trees,true,sample,bayesian,millennia,gray2009
posterior-396,,posterior.trees,true,sample,bayesian,millennia,gray2009
posterior-397,,posterior.trees,true,sample,bayesian,millennia,gray2009
posterior-398,,posterior.trees,true,sample,bayesian,millennia,gray2009
posterior-399,,posterior.trees,true,sample,bayesian,millennia,gray2009
posterior-400,,posterior.trees,true,sample,bayesian,millennia,gray2009
posterior-401,,posterior.trees,true,sample,bayesian,millennia,gray2009
posterior-402,,posterior.trees,true,sample,bayesian,millennia,gray2009
posterior-403,,posterior.trees,true,sample,bayesian,millennia,gray2009
posterior-404,,posterior.trees,true,sample,bayesian,millennia,gray2009
posterior-405,,posterior.trees,true,sample,bayesian,millennia,gray2009
posterior-406,,posterior.trees,true,sample,bayesian,millennia,gray2009
posterior-407,,posterior.trees,true,sample,bayesian,millennia,gray2009
posterior-408,,posterior.trees,true,sample,bayesian,millennia,gray2009
posterior-409,,posterior.trees,true,sample,bayesian,millennia,gray2009
posterior-410,,posterior.trees,true,sample,bayesian,millennia,gray2009
posterior-411,,posterior.trees,true,sample,bayesian,millennia,gray2009
posterior-412,,posterior.trees,true,sample,bayesian,millennia,gray2009
posterior-413,,posterior.trees,true,sample,bayesian,millennia,gray2009
posterior-414,,posterior.trees,true,sample,bayesian,millennia,gray2009
posterior-415,,posterior.trees,true,sample,bayesian,millennia,gray2009
posterior-416,,posterior.trees,true,sample,bayesian,millennia,gray2009
posterior-417,,posterior.trees,true,sample,bayesian,millennia,gray2009
posterior-418,,posterior.trees,true,sample,bayesian,millennia,gray2009
posterior-419,,posterior.trees,true,sample,bayesian,millennia,gray2009
posterior-420,,posterior.trees,true,sample,bayesian,millennia,gray2009
posterior-421,,posterior.trees,true,sample,bayesian,millennia,gray2009
posterior-422,,posterior.trees,true,sample,bayesian,millennia,gray2009
posterior-423,,posterior.trees,true,sample,bayesian,millennia,gray2009
posterior-424,,posterior.trees,true,sample,bayesian,millennia,gray2009
posterior-425,,posterior.trees,true,sample,bayesian,millennia,gray2009
posterior-426,,posterior.trees,true,sample,bayesian,millennia,gray2009
posterior-427,,posterior.trees,true,sample,bayesian,millennia,gray2009
posterior-428,,posterior.trees,true,sample,bayesian,millennia,gray2009
posterior-429,,posterior.trees,true,sample,bayesian,millennia,gray2009
posterior-430,,posterior.trees,true,sample,bayesian,millennia,gray2009
posterior-431,,posterior.trees,true,sample,bayesian,millennia,gray2009
posterior-432,,posterior.trees,true,sample,bayesian,millennia,gray2009
posterior-433,,posterior.trees,true,sample,bayesian,millennia,gray2009
posterior-434,,posterior.trees,true,sample,bayesian,millennia,gray2009
posterior-435,,posterior.trees,true,sample,bayesian,millennia,gray2009
posterior-436,,posterior.trees,true,sample,bayesian,millennia,gray2009
posterior-437,,posterior.trees,true,sample,bayesian,millennia,gray2009
posterior-438,,posterior.trees,true,sample,bayesian,millennia,gray2009
posterior-439,,posterior.trees,true,sample,bayesian,millennia,gray2009
posterior-440,,posterior.trees,true,sample,bayesian,millennia,gray2009
posterior-441,,posterior.trees,true,sample,bayesian,millennia,gray2009
posterior-442,,posterior.trees,true,sample,bayesian,millennia,gray2009
posterior-443,,posterior.trees,true,sample,bayesian,millennia,gray2009
posterior-444,,posterior.trees,true,sample,bayesian,millennia,gray2009
posterior-445,,posterior.trees,true,sample,bayesian,millennia,gray2009
posterior-446,,posterior.trees,true,sample,bayesian,millennia,gray2009
posterior-447,,posterior.trees,true,sample,bayesian,millennia,gray2009
posterior-448,,posterior.trees,true,sample,bayesian,millennia,gray2009
posterior-449,,posterior.trees,true,sample,bayesian,millennia,gray2009
posterior-450,,posterior.trees,true,sample,bayesian,millennia,gray2009
posterior-451,,posterior.trees,true,sample,bayesian,millennia,gray2009
posterior-452,,posterior.trees,true,sample,bayesian,millennia,gray2009
posterior-453,,posterior.trees,true,sample,bayesian,millennia,gray2009
posterior-454,,posterior.trees,true,sample,bayesian,millennia,gray2009
posterior-455,,posterior.trees,true,sample,bayesian,millennia,gray2009
posterior-456,,posterior.trees,true,sample,bayesian,millennia,gray2009
posterior-457,,posterior.trees,true,sample,bayesian,millennia,gray2009
posterior-458,,posterior.trees,true,sample,bayesian,millennia,gray2009
posterior-459,,posterior.trees,true,sample,bayesian,millennia,gray2009
posterior-460,,posterior.trees,true,sample,bayesian,millennia,gray2009
posterior-461,,posterior.trees,true,sample,bayesian,millennia,gray2009
posterior-462,,posterior.trees,true,sample,bayesian,millennia,gray2009
posterior-463,,posterior.trees,true,sample,bayesian,millennia,gray2009
posterior-464,,posterior.trees,true,sample,bayesian,millennia,gray2009
posterior-465,,posterior.trees,true,sample,bayesian,millennia,gray2009
posterior-466,,posterior.trees,true,sample,bayesian,millennia,gray2009
posterior-467,,posterior.trees,true,sample,bayesian,millennia,gray2009
posterior-468,,posterior.trees,true,sample,bayesian,millennia,gray2009
posterior-469,,posterior.trees,true,sample,bayesian,millennia,gray2009
posterior-470,,posterior.trees,true,sample,bayesian,millennia,gray2009
posterior-471,,posterior.trees,true,sample,bayesian,millennia,gray2009
posterior-472,,posterior.trees,true,sample,bayesian,millennia,gray2009
posterior-473,,posterior.trees,true,sample,bayesian,millennia,gray2009
posterior-474,,posterior.trees,true,sample,bayesian,millennia,gray2009
posterior-475,,posterior.trees,true,sample,bayesian,millennia,gray2009
posterior-476,,posterior.trees,true,sample,bayesian,millennia,gray2009
posterior-477,,posterior.trees,true,sample,bayesian,millennia,gray2009
posterior-478,,posterior.trees,true,sample,bayesian,millennia,gray2009
posterior-479,,posterior.trees,true,sample,bayesian,millennia,gray2009
posterior-480,,posterior.trees,true,sample,bayesian,millennia,gray2009
posterior-481,,posterior.trees,true,sample,bayesian,millennia,gray2009
posterior-482,,posterior.trees,true,sample,bayesian,millennia,gray2009
posterior-483,,posterior.trees,true,sample,bayesian,millennia,gray2009
posterior-484,,posterior.trees,true,sample,bayesian,millennia,gray2009
posterior-485,,posterior.trees,true,sample,bayesian,millennia,gray2009
posterior-486,,posterior.trees,true,sample,bayesian,millennia,gray2009
posterior-487,,posterior.trees,true,sample,bayesian,millennia,gray2009
posterior-488,,posterior.trees,true,sample,bayesian,millennia,gray2009
posterior-489,,posterior.trees,true,sample,bayesian,millennia,gray2009
posterior-490,,posterior.trees,true,sample,bayesian,millennia,gray2009
posterior-491,,posterior.trees,true,sample,bayesian,millennia,gray2009
posterior-492,,posterior.trees,true,sample,bayesian,millennia,gray2009
posterior-493,,posterior.trees,true,sample,bayesian,millennia,gray2009
posterior-494,,posterior.trees,true,sample,bayesian,millennia,gray2009
posterior-495,,posterior.trees,true,sample,bayesian,millennia,gray2009
posterior-496,,posterior.trees,true,sample,bayesian,millennia,gray2009
posterior-497,,posterior.trees,true,sample,bayesian,millennia,gray2009
posterior-498,,posterior.trees,true,sample,bayesian,millennia,gray2009
posterior-499,,posterior.trees,true,sample,bayesian,millennia,gray2009
posterior-500,,posterior.trees,true,sample,bayesian,millennia,gray2009
posterior-501,,posterior.trees,true,sample,bayesian,millennia,gray2009
posterior-502,,posterior.trees,true,sample,bayesian,millennia,gray2009
posterior-503,,posterior.trees,true,sample,bayesian,millennia,gray2009
posterior-504,,posterior.trees,true,sample,bayesian,millennia,gray2009
posterior-505,,posterior.trees,true,sample,bayesian,millennia,gray2009
posterior-506,,posterior.trees,true,sample,bayesian,millennia,gray2009
posterior-507,,posterior.trees,true,sample,bayesian,millennia,gray2009
posterior-508,,posterior.trees,true,sample,bayesian,millennia,gray2009
posterior-509,,posterior.trees,true,sample,bayesian,millennia,gray2009
posterior-510,,posterior.trees,true,sample,bayesian,millennia,gray2009
posterior-511,,posterior.trees,true,sample,bayesian,millennia,gray2009
posterior-512,,posterior.trees,true,sample,bayesian,millennia,gray2009
posterior-513,,posterior.trees,true,sample,bayesian,millennia,gray2009
posterior-514,,posterior.trees,true,sample,bayesian,millennia,gray2009
posterior-515,,posterior.trees,true,sample,bayesian,millennia,gray2009
posterior-516,,posterior.trees,true,sample,bayesian,millennia,gray2009
posterior-517,,posterior.trees,true,sample,bayesian,millennia,gray2009
posterior-518,,posterior.trees,true,sample,bayesian,millennia,gray2009
posterior-519,,posterior.trees,true,sample,bayesian,millennia,gray2009
posterior-520,,posterior.trees,true,sample,bayesian,millennia,gray2009
posterior-521,,posterior.trees,true,sample,bayesian,millennia,gray2009
posterior-522,,posterior.trees,true,sample,bayesian,millennia,gray2009
posterior-523,,posterior.trees,true,sample,bayesian,millennia,gray2009
posterior-524,,posterior.trees,true,sample,bayesian,millennia,gray2009
posterior-525,,posterior.trees,true,sample,bayesian,millennia,gray2009
posterior-526,,posterior.trees,true,sample,bayesian,millennia,gray2009
posterior-527,,posterior.trees,true,sample,bayesian,millennia,gray2009
posterior-528,,posterior.trees,true,sample,bayesian,millennia,gray2009
posterior-529,,posterior.trees,true,sample,bayesian,millennia,gray2009
posterior-530,,posterior.trees,true,sample,bayesian,millennia,gray2009
posterior-531,,posterior.trees,true,sample,bayesian,millennia,gray2009
posterior-532,,posterior.trees,true,sample,bayesian,millennia,gray2009
posterior-533,,posterior.trees,true,sample,bayesian,millennia,gray2009
posterior-534,,posterior.trees,true,sample,bayesian,millennia,gray2009
posterior-535,,posterior.trees,true,sample,bayesian,millennia,gray2009
posterior-536,,posterior.trees,true,sample,bayesian,millennia,gray2009
posterior-537,,posterior.trees,true,sample,bayesian,millennia,gray2009
posterior-538,,posterior.trees,true,sample,bayesian,millennia,gray2009
posterior-539,,posterior.trees,true,sample,bayesian,millennia,gray2009
posterior-540,,posterior.trees,true,sample,bayesian,millennia,gray2009
posterior-541,,posterior.trees,true,sample,bayesian,millennia,gray2009
posterior-542,,posterior.trees,true,sample,bayesian,millennia,gray2009
posterior-543,,posterior.trees,true,sample,bayesian,millennia,gray2009
posterior-544,,posterior.trees,true,sample,bayesian,millennia,gray2009
posterior-545,,posterior.trees,true,sample,bayesian,millennia,gray2009
posterior-546,,posterior.trees,true,sample,bayesian,millennia,gray2009
posterior-547,,posterior.trees,true,sample,bayesian,millennia,gray2009
posterior-548,,posterior.trees,true,sample,bayesian,millennia,gray2009
posterior-549,,posterior.trees,true,sample,bayesian,millennia,gray2009
posterior-550,,posterior.trees,true,sample,bayesian,millennia,gray2009
posterior-551,,posterior.trees,true,sample,bayesian,millennia,gray2009
posterior-552,,posterior.trees,true,sample,bayesian,millennia,gray2009
posterior-553,,posterior.trees,true,sample,bayesian,millennia,gray2009
posterior-554,,posterior.trees,true,sample,bayesian,millennia,gray2009
posterior-555,,posterior.trees,true,sample,bayesian,millennia,gray2009
posterior-556,,posterior.trees,true,sample,bayesian,millennia,gray2009
posterior-557,,posterior.trees,true,sample,bayesian,millennia,gray2009
posterior-558,,posterior.trees,true,sample,bayesian,millennia,gray2009
posterior-559,,posterior.trees,true,sample,bayesian,millennia,gray2009
posterior-560,,posterior.trees,true,sample,bayesian,millennia,gray2009
posterior-561,,posterior.trees,true,sample,bayesian,millennia,gray2009
posterior-562,,posterior.trees,true,sample,bayesian,millennia,gray2009
posterior-563,,posterior.trees,true,sample,bayesian,millennia,gray2009
posterior-564,,posterior.trees,true,sample,bayesian,millennia,gray2009
posterior-565,,posterior.trees,true,sample,bayesian,millennia,gray2009
posterior-566,,posterior.trees,true,sample,bayesian,millennia,gray2009
posterior-567,,posterior.trees,true,sample,bayesian,millennia,gray2009
posterior-568,,posterior.trees,true,sample,bayesian,millennia,gray2009
posterior-569,,posterior.trees,true,sample,bayesian,millennia,gray2009
posterior-570,,posterior.trees,true,sample,bayesian,millennia,gray2009
posterior-571,,posterior.trees,true,sample,bayesian,millennia,gray2009
posterior-572,,posterior.trees,true,sample,bayesian,millennia,gray2009
posterior-573,,posterior.trees,true,sample,bayesian,millennia,gray2009
posterior-574,,posterior.trees,true,sample,bayesian,millennia,gray2009
posterior-575,,posterior.trees,true,sample,bayesian,millennia,gray2009
posterior-576,,posterior.trees,true,sample,bayesian,millennia,gray2009
posterior-577,,posterior.trees,true,sample,bayesian,millennia,gray2009
posterior-578,,posterior.trees,true,sample,bayesian,millennia,gray2009
posterior-579,,posterior.trees,true,sample,bayesian,millennia,gray2009
posterior-580,,posterior.trees,true,sample,bayesian,millennia,gray2009
posterior-581,,posterior.trees,true,sample,bayesian,millennia,gray2009
posterior-582,,posterior.trees,true,sample,bayesian,millennia,gray2009
posterior-583,,posterior.trees,true,sample,bayesian,millennia,gray2009
posterior-584,,posterior.trees,true,sample,bayesian,millennia,gray2009
posterior-585,,posterior.trees,true,sample,bayesian,millennia,gray2009
posterior-586,,posterior.trees,true,sample,bayesian,millennia,gray2009
posterior-587,,posterior.trees,true,sample,bayesian,millennia,gray2009
posterior-588,,posterior.trees,true,sample,bayesian,millennia,gray2009
posterior-589,,posterior.trees,true,sample,bayesian,millennia,gray2009
posterior-590,,posterior.trees,true,sample,bayesian,millennia,gray2009
posterior-591,,posterior.trees,true,sample,bayesian,millennia,gray2009
posterior-592,,posterior.trees,true,sample,bayesian,millennia,gray2009
posterior-593,,posterior.trees,true,sample,bayesian,millennia,gray2009
posterior-594,,posterior.trees,true,sample,bayesian,millennia,gray2009
posterior-595,,posterior.trees,true,sample,bayesian,millennia,gray2009
posterior-596,,posterior.trees,true,sample,bayesian,millennia,gray2009
posterior-597,,posterior.trees,true,sample,bayesian,millennia,gray2009
posterior-598,,posterior.trees,true,sample,bayesian,millennia,gray2009
posterior-599,,posterior.trees,true,sample,bayesian,millennia,gray2009
posterior-600,,posterior.trees,true,sample,bayesian,millennia,gray2009
posterior-601,,posterior.trees,true,sample,bayesian,millennia,gray2009
posterior-602,,posterior.trees,true,sample,bayesian,millennia,gray2009
posterior-603,,posterior.trees,true,sample,bayesian,millennia,gray2009
posterior-604,,posterior.trees,true,sample,bayesian,millennia,gray2009
posterior-605,,posterior.trees,true,sample,bayesian,millennia,gray2009
posterior-606,,posterior.trees,true,sample,bayesian,millennia,gray2009
posterior-607,,posterior.trees,true,sample,bayesian,millennia,gray2009
posterior-608,,posterior.trees,true,sample,bayesian,millennia,gray2009
posterior-609,,posterior.trees,true,sample,bayesian,millennia,gray2009
posterior-610,,posterior.trees,true,sample,bayesian,millennia,gray2009
posterior-611,,posterior.trees,true,sample,bayesian,millennia,gray2009
posterior-612,,posterior.trees,true,sample,bayesian,millennia,gray2009
posterior-613,,posterior.trees,true,sample,bayesian,millennia,gray2009
posterior-614,,posterior.trees,true,sample,bayesian,millennia,gray2009
posterior-615,,posterior.trees,true,sample,bayesian,millennia,gray2009
posterior-616,,posterior.trees,true,sample,bayesian,millennia,gray2009
posterior-617,,posterior.trees,true,sample,bayesian,millennia,gray2009
posterior-618,,posterior.trees,true,sample,bayesian,millennia,gray2009
posterior-619,,posterior.trees,true,sample,bayesian,millennia,gray2009
posterior-620,,posterior.trees,true,sample,bayesian,millennia,gray2009
posterior-621,,posterior.trees,true,sample,bayesian,millennia,gray2009
posterior-622,,posterior.trees,true,sample,bayesian,millennia,gray2009
posterior-623,,posterior.trees,true,sample,bayesian,millennia,gray2009
posterior-624,,posterior.trees,true,sample,bayesian,millennia,gray2009
posterior-625,,posterior.trees,true,sample,bayesian,millennia,gray2009
posterior-626,,posterior.trees,true,sample,bayesian,millennia,gray2009
posterior-627,,posterior.trees,true,sample,bayesian,millennia,gray2009
posterior-628,,posterior.trees,true,sample,bayesian,millennia,gray2009
posterior-629,,posterior.trees,true,sample,bayesian,millennia,gray2009
posterior-630,,posterior.trees,true,sample,bayesian,millennia,gray2009
posterior-631,,posterior.trees,true,sample,bayesian,millennia,gray2009
posterior-632,,posterior.trees,true,sample,bayesian,millennia,gray2009
posterior-633,,posterior.trees,true,sample,bayesian,millennia,gray2009
posterior-634,,posterior.trees,true,sample,bayesian,millennia,gray2009
posterior-635,,posterior.trees,true,sample,bayesian,millennia,gray2009
posterior-636,,posterior.trees,true,sample,bayesian,millennia,gray2009
posterior-637,,posterior.trees,true,sample,bayesian,millennia,gray2009
posterior-638,,posterior.trees,true,sample,bayesian,millennia,gray2009
posterior-639,,posterior.trees,true,sample,bayesian,millennia,gray2009
posterior-640,,posterior.trees,true,sample,bayesian,millennia,gray2009
posterior-641,,posterior.trees,true,sample,bayesian,millennia,gray2009
posterior-642,,posterior.trees,true,sample,bayesian,millennia,gray2009
posterior-643,,posterior.trees,true,sample,bayesian,millennia,gray2009
posterior-644,,posterior.trees,true,sample,bayesian,millennia,gray2009
posterior-645,,posterior.trees,true,sample,bayesian,millennia,gray2009
posterior-646,,posterior.trees,true,sample,bayesian,millennia,gray2009
posterior-647,,posterior.trees,true,sample,bayesian,millennia,gray2009
posterior-648,,posterior.trees,true,sample,bayesian,millennia,gray2009
posterior-649,,posterior.trees,true,sample,bayesian,millennia,gray2009
posterior-650,,posterior.trees,true,sample,bayesian,millennia,gray2009
posterior-651,,posterior.trees,true,sample,bayesian,millennia,gray2009
posterior-652,,posterior.trees,true,sample,bayesian,millennia,gray2009
posterior-653,,posterior.trees,true,sample,bayesian,millennia,gray2009
posterior-654,,posterior.trees,true,sample,bayesian,millennia,gray2009
posterior-655,,posterior.trees,true,sample,bayesian,millennia,gray2009
posterior-656,,posterior.trees,true,sample,bayesian,millennia,gray2009
posterior-657,,posterior.trees,true,sample,bayesian,millennia,gray2009
posterior-658,,posterior.trees,true,sample,bayesian,millennia,gray2009
posterior-659,,posterior.trees,true,sample,bayesian,millennia,gray2009
posterior-660,,posterior.trees,true,sample,bayesian,millennia,gray2009
posterior-661,,posterior.trees,true,sample,bayesian,millennia,gray2009
posterior-662,,posterior.trees,true,sample,bayesian,millennia,gray2009
posterior-663,,posterior.trees,true,sample,bayesian,millennia,gray2009
posterior-664,,posterior.trees,true,sample,bayesian,millennia,gray2009
posterior-665,,posterior.trees,true,sample,bayesian,millennia,gray2009
posterior-666,,posterior.trees,true,sample,bayesian,millennia,gray2009
posterior-667,,posterior.trees,true,sample,bayesian,millennia,gray2009
posterior-668,,posterior.trees,true,sample,bayesian,millennia,gray2009
posterior-669,,posterior.trees,true,sample,bayesian,millennia,gray2009
posterior-670,,posterior.trees,true,sample,bayesian,millennia,gray2009
posterior-671,,posterior.trees,true,sample,bayesian,millennia,gray2009
posterior-672,,posterior.trees,true,sample,bayesian,millennia,gray2009
posterior-673,,posterior.trees,true,sample,bayesian,millennia,gray2009
posterior-674,,posterior.trees,true,sample,bayesian,millennia,gray2009
posterior-675,,posterior.trees,true,sample,bayesian,millennia,gray2009
posterior-676,,posterior.trees,true,sample,bayesian,millennia,gray2009
posterior-677,,posterior.trees,true,sample,bayesian,millennia,gray2009
posterior-678,,posterior.trees,true,sample,bayesian,millennia,gray2009
posterior-679,,posterior.trees,true,sample,bayesian,millennia,gray2009
posterior-680,,posterior.trees,true,sample,bayesian,millennia,gray2009
posterior-681,,posterior.trees,true,sample,bayesian,millennia,gray2009
posterior-682,,posterior.trees,true,sample,bayesian,millennia,gray2009
posterior-683,,posterior.trees,true,sample,bayesian,millennia,gray2009
posterior-684,,posterior.trees,true,sample,bayesian,millennia,gray2009
posterior-685,,posterior.trees,true,sample,bayesian,millennia,gray2009
posterior-686,,posterior.trees,true,sample,bayesian,millennia,gray2009
posterior-687,,posterior.trees,true,sample,bayesian,millennia,gray2009
posterior-688,,posterior.trees,true,sample,bayesian,millennia,gray2009
posterior-689,,posterior.trees,true,sample,bayesian,millennia,gray2009
posterior-690,,posterior.trees,true,sample,bayesian,millennia,gray2009
posterior-691,,posterior.trees,true,sample,bayesian,millennia,gray2009
posterior-692,,posterior.trees,true,sample,bayesian,millennia,gray2009
posterior-693,,posterior.trees,true,sample,bayesian,millennia,gray2009
posterior-694,,posterior.trees,true,sample,bayesian,millennia,gray2009
posterior-695,,posterior.trees,true,sample,bayesian,millennia,gray2009
posterior-696,,posterior.trees,true,sample,bayesian,millennia,gray2009
posterior-697,,posterior.trees,true,sample,bayesian,millennia,gray2009
posterior-698,,posterior.trees,true,sample,bayesian,millennia,gray2009
posterior-699,,posterior.trees,true,sample,bayesian,millennia,gray2009
posterior-700,,posterior.trees,true,sample,bayesian,millennia,gray2009
posterior-701,,posterior.trees,true,sample,bayesian,millennia,gray2009
posterior-702,,posterior.trees,true,sample,bayesian,millennia,gray2009
posterior-703,,posterior.trees,true,sample,bayesian,millennia,gray2009
posterior-704,,posterior.trees,true,sample,bayesian,millennia,gray2009
posterior-705,,posterior.trees,true,sample,bayesian,millennia,gray2009
posterior-706,,posterior.trees,true,sample,bayesian,millennia,gray2009
posterior-707,,posterior.trees,true,sample,bayesian,millennia,gray2009
posterior-708,,posterior.trees,true,sample,bayesian,millennia,gray2009
posterior-709,,posterior.trees,true,sample,bayesian,millennia,gray2009
posterior-710,,posterior.trees,true,sample,bayesian,millennia,gray2009
posterior-711,,posterior.trees,true,sample,bayesian,millennia,gray2009
posterior-712,,posterior.trees,true,sample,bayesian,millennia,gray2009
posterior-713,,posterior.trees,true,sample,bayesian,millennia,gray2009
posterior-714,,posterior.trees,true,sample,bayesian,millennia,gray2009
posterior-715,,posterior.trees,true,sample,bayesian,millennia,gray2009
posterior-716,,posterior.trees,true,sample,bayesian,millennia,gray2009
posterior-717,,posterior.trees,true,sample,bayesian,millennia,gray2009
posterior-718,,posterior.trees,true,sample,bayesian,millennia,gray2009
posterior-719,,posterior.trees,true,sample,bayesian,millennia,gray2009
posterior-720,,posterior.trees,true,sample,bayesian,millennia,gray2009
posterior-721,,posterior.trees,true,sample,bayesian,millennia,gray2009
posterior-722,,posterior.trees,true,sample,bayesian,millennia,gray2009
posterior-723,,posterior.trees,true,sample,bayesian,millennia,gray2009
posterior-724,,posterior.trees,true,sample,bayesian,millennia,gray2009
posterior-725,,posterior.trees,true,sample,bayesian,millennia,gray2009
posterior-726,,posterior.trees,true,sample,bayesian,millennia,gray2009
posterior-727,,posterior.trees,true,sample,bayesian,millennia,gray2009
posterior-728,,posterior.trees,true,sample,bayesian,millennia,gray2009
posterior-729,,posterior.trees,true,sample,bayesian,millennia,gray2009
posterior-730,,posterior.trees,true,sample,bayesian,millennia,gray2009
posterior-731,,posterior.trees,true,sample,bayesian,millennia,gray2009
posterior-732,,posterior.trees,true,sample,bayesian,millennia,gray2009
posterior-733,,posterior.trees,true,sample,bayesian,millennia,gray2009
posterior-734,,posterior.trees,true,sample,bayesian,millennia,gray2009
posterior-735,,posterior.trees,true,sample,bayesian,millennia,gray2009
posterior-736,,posterior.trees,true,sample,bayesian,millennia,gray2009
posterior-737,,posterior.trees,true,sample,bayesian,millennia,gray2009
posterior-738,,posterior.trees,true,sample,bayesian,millennia,gray2009
posterior-739,,posterior.trees,true,sample,bayesian,millennia,gray2009
posterior-740,,posterior.trees,true,sample,bayesian,millennia,gray2009
posterior-741,,posterior.trees,true,sample,bayesian,millennia,gray2009
posterior-742,,posterior.trees,true,sample,bayesian,millennia,gray2009
posterior-743,,posterior.trees,true,sample,bayesian,millennia,gray2009
posterior-744,,posterior.trees,true,sample,bayesian,millennia,gray2009
posterior-745,,posterior.trees,true,sample,bayesian,millennia,gray2009
posterior-746,,posterior.trees,true,sample,bayesian,millennia,gray2009
posterior-747,,posterior.trees,true,sample,bayesian,millennia,gray2009
posterior-748,,posterior.trees,true,sample,bayesian,millennia,gray2009
posterior-749,,posterior.trees,true,sample,bayesian,millennia,gray2009
posterior-750,,posterior.trees,true,sample,bayesian,millennia,gray2009
posterior-751,,posterior.trees,true,sample,bayesian,millennia,gray2009
posterior-752,,posterior.trees,true,sample,bayesian,millennia,gray2009
posterior-753,,posterior.trees,true,sample,bayesian,millennia,gray2009
posterior-754,,posterior.trees,true,sample,bayesian,millennia,gray2009
posterior-755,,posterior.trees,true,sample,bayesian,millennia,gray2009
posterior-756,,posterior.trees,true,sample,bayesian,millennia,gray2009
posterior-757,,posterior.trees,true,sample,bayesian,millennia,gray2009
posterior-758,,posterior.trees,true,sample,bayesian,millennia,gray2009
posterior-759,,posterior.trees,true,sample,bayesian,millennia,gray2009
posterior-760,,posterior.trees,true,sample,bayesian,millennia,gray2009
posterior-761,,posterior.trees,true,sample,bayesian,millennia,gray2009
posterior-762,,posterior.trees,true,sample,bayesian,millennia,gray2009
posterior-763,,posterior.trees,true,sample,bayesian,millennia,gray2009
posterior-764,,posterior.trees,true,sample,bayesian,millennia,gray2009
posterior-765,,posterior.trees,true,sample,bayesian,millennia,gray2009
posterior-766,,posterior.trees,true,sample,bayesian,millennia,gray2009
posterior-767,,posterior.trees,true,sample,bayesian,millennia,gray2009
posterior-768,,posterior.trees,true,sample,bayesian,millennia,gray2009
posterior-769,,posterior.trees,true,sample,bayesian,millennia,gray2009
posterior-770,,posterior.trees,true,sample,bayesian,millennia,gray2009
posterior-771,,posterior.trees,true,sample,bayesian,millennia,gray2009
posterior-772,,posterior.trees,true,sample,bayesian,millennia,gray2009
posterior-773,,posterior.trees,true,sample,bayesian,millennia,gray2009
posterior-774,,posterior.trees,true,sample,bayesian,millennia,gray2009
posterior-775,,posterior.trees,true,sample,bayesian,millennia,gray2009
posterior-776,,posterior.trees,true,sample,bayesian,millennia,gray2009
posterior-777,,posterior.trees,true,sample,bayesian,millennia,gray2009
posterior-778,,posterior.trees,true,sample,bayesian,millennia,gray2009
posterior-779,,posterior.trees,true,sample,bayesian,millennia,gray2009
posterior-780,,posterior.trees,true,sample,bayesian,millennia,gray2009
posterior-781,,posterior.trees,true,sample,bayesian,millennia,gray2009
posterior-782,,posterior.trees,true,sample,bayesian,millennia,gray2009
posterior-783,,posterior.trees,true,sample,bayesian,millennia,gray2009
posterior-784,,posterior.trees,true,sample,bayesian,millennia,gray2009
posterior-785,,posterior.trees,true,sample,bayesian,millennia,gray2009
posterior-786,,posterior.trees,true,sample,bayesian,millennia,gray2009
posterior-787,,posterior.trees,true,sample,bayesian,millennia,gray2009
posterior-788,,posterior.trees,true,sample,bayesian,millennia,gray2009
posterior-789,,posterior.trees,true,sample,bayesian,millennia,gray2009
posterior-790,,posterior.trees,true,sample,bayesian,millennia,gray2009
posterior-791,,posterior.trees,false,sample,bayesian,millennia,gray2009
posterior-792,,posterior.trees,true,sample,bayesian,millennia,gray2009
posterior-793,,posterior.trees,true,sample,bayesian,millennia,gray2009
posterior-794,,posterior.trees,true,sample,bayesian,millennia,gray2009
posterior-795,,posterior.trees,true,sample,bayesian,millennia,gray2009
posterior-796,,posterior.trees,true,sample,bayesian,millennia,gray2009
posterior-797,,posterior.trees,true,sample,bayesian,millennia,gray2009
posterior-798,,posterior.trees,true,sample,bayesian,millennia,gray2009
posterior-799,,posterior.trees,true,sample,bayesian,millennia,gray2009
posterior-800,,posterior.trees,true,sample,bayesian,millennia,gray2009
posterior-801,,posterior.trees,true,sample,bayesian,millennia,gray2009
posterior-802,,posterior.trees,true,sample,bayesian,millennia,gray2009
posterior-803,,posterior.trees,true,sample,bayesian,millennia,gray2009
posterior-804,,posterior.trees,true,sample,bayesian,millennia,gray2009
posterior-805,,posterior.trees,true,sample,bayesian,millennia,gray2009
posterior-806,,posterior.trees,true,sample,bayesian,millennia,gray2009
posterior-807,,posterior.trees,true,sample,bayesian,millennia,gray2009
posterior-808,,posterior.trees,true,sample,bayesian,millennia,gray2009
posterior-809,,posterior.trees,true,sample,bayesian,millennia,gray2009
posterior-810,,posterior.trees,true,sample,bayesian,millennia,gray2009
posterior-811,,posterior.trees,true,sample,bayesian,millennia,gray2009
posterior-812,,posterior.trees,true,sample,bayesian,millennia,gray2009
posterior-813,,posterior.trees,true,sample,bayesian,millennia,gray2009
posterior-814,,posterior.trees,true,sample,bayesian,millennia,gray2009
posterior-815,,posterior.trees,true,sample,bayesian,millennia,gray2009
posterior-816,,posterior.trees,true,sample,bayesian,millennia,gray2009
posterior-817,,posterior.trees,true,sample,bayesian,millennia,gray2009
posterior-818,,posterior.trees,true,sample,bayesian,millennia,gray2009
posterior-819,,posterior.trees,true,sample,bayesian,millennia,gray2009
posterior-820,,posterior.trees,true,sample,bayesian,millennia,gray2009
posterior-821,,posterior.trees,true,sample,bayesian,millennia,gray2009
posterior-822,,posterior.trees,true,sample,bayesian,millennia,gray2009
posterior-823,,posterior.trees,true,sample,bayesian,millennia,gray2009
posterior-824,,posterior.trees,true,sample,bayesian,millennia,gray2009
posterior-825,,posterior.trees,true,sample,bayesian,millennia,gray2009
posterior-826,,posterior.trees,true,sample,bayesian,millennia,gray2009
posterior-827,,posterior.trees,true,sample,bayesian,millennia,gray2009
posterior-828,,posterior.trees,true,sample,bayesian,millennia,gray2009
posterior-829,,posterior.trees,true,sample,bayesian,millennia,gray2009
posterior-830,,posterior.trees,true,sample,bayesian,millennia,gray2009
posterior-831,,posterior.trees,true,sample,bayesian,millennia,gray2009
posterior-832,,posterior.trees,true,sample,bayesian,millennia,gray2009
posterior-833,,posterior.trees,true,sample,bayesian,millennia,gray2009
posterior-834,,posterior.trees,true,sample,bayesian,millennia,gray2009
posterior-835,,posterior.trees,true,sample,bayesian,millennia,gray2009
posterior-836,,posterior.trees,true,sample,bayesian,millennia,gray2009
posterior-837,,posterior.trees,true,sample,bayesian,millennia,gray2009
posterior-838,,posterior.trees,true,sample,bayesian,millennia,gray2009
posterior-839,,posterior.trees,true,sample,bayesian,millennia,gray2009
posterior-840,,posterior.trees,true,sample,bayesian,millennia,gray2009
posterior-841,,posterior.trees,true,sample,bayesian,millennia,gray2009
posterior-842,,posterior.trees,true,sample,bayesian,millennia,gray2009
posterior-843,,posterior.trees,true,sample,bayesian,millennia,gray2009
posterior-844,,posterior.trees,true,sample,bayesian,millennia,gray2009
posterior-845,,posterior.trees,true,sample,bayesian,millennia,gray2009
posterior-846,,posterior.trees,true,sample,bayesian,millennia,gray2009
posterior-847,,posterior.trees,true,sample,bayesian,millennia,gray2009
posterior-848,,posterior.trees,true,sample,bayesian,millennia,gray2009
posterior-849,,posterior.trees,true,sample,bayesian,millennia,gray2009
posterior-850,,posterior.trees,true,sample,bayesian,millennia,gray2009
posterior-851,,posterior.trees,true,sample,bayesian,millennia,gray2009
posterior-852,,posterior.trees,true,sample,bayesian,millennia,gray2009
posterior-853,,posterior.trees,true,sample,bayesian,millennia,gray2009
posterior-854,,posterior.trees,true,sample,bayesian,millennia,gray2009
posterior-855,,posterior.trees,true,sample,bayesian,millennia,gray2009
posterior-856,,posterior.trees,true,sample,bayesian,millennia,gray2009
posterior-857,,posterior.trees,true,sample,bayesian,millennia,gray2009
posterior-858,,posterior.trees,true,sample,bayesian,millennia,gray2009
posterior-859,,posterior.trees,true,sample,bayesian,millennia,gray2009
posterior-860,,posterior.trees,true,sample,bayesian,millennia,gray2009
posterior-861,,posterior.trees,true,sample,bayesian,millennia,gray2009
posterior-862,,posterior.trees,true,sample,bayesian,millennia,gray2009
posterior-863,,posterior.trees,true,sample,bayesian,millennia,gray2009
posterior-864,,posterior.trees,true,sample,bayesian,millennia,gray2009
posterior-865,,posterior.trees,true,sample,bayesian,millennia,gray2009
posterior-866,,posterior.trees,true,sample,bayesian,millennia,gray2009
posterior-867,,posterior.trees,true,sample,bayesian,millennia,gray2009
posterior-868,,posterior.trees,true,sample,bayesian,millennia,gray2009
posterior-869,,posterior.trees,true,sample,bayesian,millennia,gray2009
posterior-870,,posterior.trees,true,sample,bayesian,millennia,gray2009
posterior-871,,posterior.trees,true,sample,bayesian,millennia,gray2009
posterior-872,,posterior.trees,true,sample,bayesian,millennia,gray2009
posterior-873,,posterior.trees,true,sample,bayesian,millennia,gray2009
posterior-874,,posterior.trees,true,sample,bayesian,millennia,gray2009
posterior-875,,posterior.trees,true,sample,bayesian,millennia,gray2009
posterior-876,,posterior.trees,true,sample,bayesian,millennia,gray2009
posterior-877,,posterior.trees,true,sample,bayesian,millennia,gray2009
posterior-878,,posterior.trees,true,sample,bayesian,millennia,gray2009
posterior-879,,posterior.trees,true,sample,bayesian,millennia,gray2009
posterior-880,,posterior.trees,true,sample,bayesian,millennia,gray2009
posterior-881,,posterior.trees,true,sample,bayesian,millennia,gray2009
posterior-882,,posterior.trees,true,sample,bayesian,millennia,gray2009
posterior-883,,posterior.trees,true,sample,bayesian,millennia,gray2009
posterior-884,,posterior.trees,true,sample,bayesian,millennia,gray2009
posterior-885,,posterior.trees,true,sample,bayesian,millennia,gray2009
posterior-886,,posterior.trees,true,sample,bayesian,millennia,gray2009
posterior-887,,posterior.trees,true,sample,bayesian,millennia,gray2009
posterior-888,,posterior.trees,true,sample,bayesian,millennia,gray2009
posterior-889,,posterior.trees,true,sample,bayesian,millennia,gray2009
posterior-890,,posterior.trees,true,sample,bayesian,millennia,gray2009
posterior-891,,posterior.trees,true,sample,bayesian,millennia,gray2009
posterior-892,,posterior.trees,true,sample,bayesian,millennia,gray2009
posterior-893,,posterior.trees,true,sample,bayesian,millennia,gray2009
posterior-894,,posterior.trees,true,sample,bayesian,millennia,gray2009
posterior-895,,posterior.trees,true,sample,bayesian,millennia,gray2009
posterior-896,,posterior.trees,true,sample,bayesian,millennia,gray2009
posterior-897,,posterior.trees,true,sample,bayesian,millennia,gray2009
posterior-898,,posterior.trees,true,sample,bayesian,millennia,gray2009
posterior-899,,posterior.trees,true,sample,bayesian,millennia,gray2009
posterior-900,,posterior.trees,true,sample,bayesian,millennia,gray2009
posterior-901,,posterior.trees,true,sample,bayesian,millennia,gray2009
posterior-902,,posterior.trees,true,sample,bayesian,millennia,gray2009
posterior-903,,posterior.trees,true,sample,bayesian,millennia,gray2009
posterior-904,,posterior.trees,true,sample,bayesian,millennia,gray2009
posterior-905,,posterior.trees,true,sample,bayesian,millennia,gray2009
posterior-906,,posterior.trees,true,sample,bayesian,millennia,gray2009
posterior-907,,posterior.trees,true,sample,bayesian,millennia,gray2009
posterior-908,,posterior.trees,true,sample,bayesian,millennia,gray2009
posterior-909,,posterior.trees,true,sample,bayesian,millennia,gray2009
posterior-910,,posterior.trees,true,sample,bayesian,millennia,gray2009
posterior-911,,posterior.trees,true,sample,bayesian,millennia,gray2009
posterior-912,,posterior.trees,true,sample,bayesian,millennia,gray2009
posterior-913,,posterior.trees,true,sample,bayesian,millennia,gray2009
posterior-914,,posterior.trees,true,sample,bayesian,millennia,gray2009
posterior-915,,posterior.trees,true,sample,bayesian,millennia,gray2009
posterior-916,,posterior.trees,true,sample,bayesian,millennia,gray2009
posterior-917,,posterior.trees,true,sample,bayesian,millennia,gray2009
posterior-918,,posterior.trees,true,sample,bayesian,millennia,gray2009
posterior-919,,posterior.trees,true,sample,bayesian,millennia,gray2009
posterior-920,,posterior.trees,true,sample,bayesian,millennia,gray2009
posterior-921,,posterior.trees,true,sample,bayesian,millennia,gray2009
posterior-922,,posterior.trees,true,sample,bayesian,millennia,gray2009
posterior-923,,posterior.trees,true,sample,bayesian,millennia,gray2009
posterior-924,,posterior.trees,true,sample,bayesian,millennia,gray2009
posterior-925,,posterior.trees,true,sample,bayesian,millennia,gray2009
posterior-926,,posterior.trees,true,sample,bayesian,millennia,gray2009
posterior-927,,posterior.trees,true,sample,bayesian,millennia,gray2009
posterior-928,,posterior.trees,true,sample,bayesian,millennia,gray2009
posterior-929,,posterior.trees,true,sample,bayesian,millennia,gray2009
posterior-930,,posterior.trees,true,sample,bayesian,millennia,gray2009
posterior-931,,posterior.trees,true,sample,bayesian,millennia,gray2009
posterior-932,,posterior.trees,true,sample,bayesian,millennia,gray2009
posterior-933,,posterior.trees,true,sample,bayesian,millennia,gray2009
posterior-934,,posterior.trees,true,sample,bayesian,millennia,gray2009
posterior-935,,posterior.trees,true,sample,bayesian,millennia,gray2009
posterior-936,,posterior.trees,true,sample,bayesian,millennia,gray2009
posterior-937,,posterior.trees,true,sample,bayesian,millennia,gray2009
posterior-938,,posterior.trees,true,sample,bayesian,millennia,gray2009
posterior-939,,posterior.trees,true,sample,bayesian,millennia,gray2009
posterior-940,,posterior.trees,true,sample,bayesian,millennia,gray2009
posterior-941,,posterior.trees,true,sample,bayesian,millennia,gray2009
posterior-942,,posterior.trees,true,sample,bayesian,millennia,gray2009
posterior-943,,posterior.trees,true,sample,bayesian,millennia,gray2009
posterior-944,,posterior.trees,true,sample,bayesian,millennia,gray2009
posterior-945,,posterior.trees,true,sample,bayesian,millennia,gray2009
posterior-946,,posterior.trees,true,sample,bayesian,millennia,gray2009
posterior-947,,posterior.trees,true,sample,bayesian,millennia,gray2009
posterior-948,,posterior.trees,true,sample,bayesian,millennia,gray2009
posterior-949,,posterior.trees,true,sample,bayesian,millennia,gray2009
posterior-950,,posterior.trees,true,sample,bayesian,millennia,gray2009
posterior-951,,posterior.trees,true,sample,bayesian,millennia,gray2009
posterior-952,,posterior.trees,true,sample,bayesian,millennia,gray2009
posterior-953,,posterior.trees,true,sample,bayesian,millennia,gray2009
posterior-954,,posterior.trees,true,sample,bayesian,millennia,gray2009
posterior-955,,posterior.trees,true,sample,bayesian,millennia,gray2009
posterior-956,,posterior.trees,true,sample,bayesian,millennia,gray2009
posterior-957,,posterior.trees,true,sample,bayesian,millennia,gray2009
posterior-958,,posterior.trees,true,sample,bayesian,millennia,gray2009
posterior-959,,posterior.trees,true,sample,bayesian,millennia,gray2009
posterior-960,,posterior.trees,true,sample,bayesian,millennia,gray2009
posterior-961,,posterior.trees,true,sample,bayesian,millennia,gray2009
posterior-962,,posterior.trees,true,sample,bayesian,millennia,gray2009
posterior-963,,posterior.trees,true,sample,bayesian,millennia,gray2009
posterior-964,,posterior.trees,true,sample,bayesian,millennia,gray2009
posterior-965,,posterior.trees,true,sample,bayesian,millennia,gray2009
posterior-966,,posterior.trees,true,sample,bayesian,millennia,gray2009
posterior-967,,posterior.trees,true,sample,bayesian,millennia,gray2009
posterior-968,,posterior.trees,true,sample,bayesian,millennia,gray2009
posterior-969,,posterior.trees,true,sample,bayesian,millennia,gray2009
posterior-970,,posterior.trees,true,sample,bayesian,millennia,gray2009
posterior-971,,posterior.trees,true,sample,bayesian,millennia,gray2009
posterior-972,,posterior.trees,true,sample,bayesian,millennia,gray2009
posterior-973,,posterior.trees,true,sample,bayesian,millennia,gray2009
posterior-974,,posterior.trees,true,sample,bayesian,millennia,gray2009
posterior-975,,posterior.trees,true,sample,bayesian,millennia,gray2009
posterior-976,,posterior.trees,true,sample,bayesian,millennia,gray2009
posterior-977,,posterior.trees,true,sample,bayesian,millennia,gray2009
posterior-978,,posterior.trees,true,sample,bayesian,millennia,gray2009
posterior-979,,posterior.trees,true,sample,bayesian,millennia,gray2009
posterior-980,,posterior.trees,true,sample,bayesian,millennia,gray2009
posterior-981,,posterior.trees,true,sample,bayesian,millennia,gray2009
posterior-982,,posterior.trees,true,sample,bayesian,millennia,gray2009
posterior-983,,posterior.trees,true,sample,bayesian,millennia,gray2009
posterior-984,,posterior.trees,true,sample,bayesian,millennia,gray2009
posterior-985,,posterior.trees,true,sample,bayesian,millennia,gray2009
posterior-986,,posterior.trees,true,sample,bayesian,millennia,gray2009
posterior-987,,posterior.trees,true,sample,bayesian,millennia,gray2009
posterior-988,,posterior.trees,true,sample,bayesian,millennia,gray2009
posterior-989,,posterior.trees,true,sample,bayesian,millennia,gray2009
posterior-990,,posterior.trees,true,sample,bayesian,millennia,gray2009
posterior-991,,posterior.trees,true,sample,bayesian,millennia,gray2009
posterior-992,,posterior.trees,true,sample,bayesian,millennia,gray2009
posterior-993,,posterior.trees,true,sample,bayesian,millennia,gray2009
posterior-994,,posterior.trees,true,sample,bayesian,millennia,gray2009
posterior-995,,posterior.trees,true,sample,bayesian,millennia,gray2009
posterior-996,,posterior.trees,true,sample,bayesian,millennia,gray2009
posterior-997,,posterior.trees,true,sample,bayesian,millennia,gray2009
posterior-998,,posterior.trees,true,sample,bayesian,millennia,gray2009
posterior-999,,posterior.trees,true,sample,bayesian,millennia,gray2009
posterior-1000,,posterior.trees,true,sample,bayesian,millennia,gray2009
